{"count":1,"self":18237.800447999998,"total":38521.890093,"children":{"InitializeActuators":{"count":3,"self":0.0009983,"total":0.0009983,"children":null},"InitializeSensors":{"count":3,"self":0.00099669999999999989,"total":0.00099669999999999989,"children":null},"AgentSendState":{"count":10391334,"self":17.3825136,"total":231.9109661,"children":{"CollectObservations":{"count":6234801,"self":42.8754048,"total":42.875406399999996,"children":null},"WriteActionMask":{"count":6234801,"self":1.7269044,"total":1.7269044,"children":null},"RequestDecision":{"count":6234801,"self":6.7490847999999994,"total":169.9261422,"children":{"AgentInfo.ToProto":{"count":6234801,"self":12.5786952,"total":163.17705719999998,"children":{"GenerateSensorData":{"count":6234801,"self":150.5983616,"total":150.5983618,"children":null}}}}}}},"DecideAction":{"count":10391334,"self":13920.955596799999,"total":13920.955077999999,"children":null},"AgentAct":{"count":10391334,"self":6128.8349696,"total":6130.882753,"children":{"AgentInfo.ToProto":{"count":65225,"self":0.22563139999999998,"total":2.047831,"children":{"GenerateSensorData":{"count":65225,"self":1.8221995999999998,"total":1.8221995999999998,"children":null}}}}},"AgentInfo.ToProto":{"count":9785,"self":0.0463046,"total":0.3316693,"children":{"GenerateSensorData":{"count":9785,"self":0.28536469999999997,"total":0.28536469999999997,"children":null}}}},"gauges":{"ImitationRun.CumulativeReward":{"count":75010,"max":633.6762,"min":3.22754526,"runningAverage":189.640091,"value":201.499588,"weightedAverage":202.915466}},"metadata":{"timer_format_version":"0.1.0","start_time_seconds":"1730961611","unity_version":"2022.3.16f1","command_line_arguments":"C:\\unity\\unityProjects\\practiceMLAgents\\builds\\windows\\ImitationRunningAgent\\practiceMLAgents.exe -nographics -batchmode --mlagents-port 5005 -logFile C:\\unity\\unityProjects\\practiceMLAgents\\results\\imit-run-test1\\run_logs\\Player-0.log","communication_protocol_version":"1.5.0","com.unity.ml-agents_version":"3.0.0-exp.1","scene_name":"RagdollRunningAgent","end_time_seconds":"1731000132"}}