{"count":1,"self":11134.001151999999,"total":33184.267997899995,"children":{"InitializeActuators":{"count":3,"self":0.0020001999999999997,"total":0.0020001999999999997,"children":null},"InitializeSensors":{"count":3,"self":0.0010046999999999999,"total":0.0010046999999999999,"children":null},"AgentSendState":{"count":11405534,"self":23.366391999999998,"total":615.3192963,"children":{"CollectObservations":{"count":6843321,"self":422.7919616,"total":422.7919573,"children":null},"WriteActionMask":{"count":6843321,"self":2.3743296,"total":2.3743295,"children":null},"RequestDecision":{"count":6843321,"self":9.4651512,"total":166.78661689999998,"children":{"AgentInfo.ToProto":{"count":6843321,"self":17.5764896,"total":157.32146559999998,"children":{"GenerateSensorData":{"count":6843321,"self":139.7449728,"total":139.7449767,"children":null}}}}}}},"DecideAction":{"count":11405534,"self":20206.162739199997,"total":20206.1635245,"children":null},"AgentAct":{"count":11405534,"self":1227.4687999999999,"total":1227.5997105,"children":{"AgentInfo.ToProto":{"count":3526,"self":0.0235678,"total":0.13089489999999998,"children":{"GenerateSensorData":{"count":3526,"self":0.1073271,"total":0.1073271,"children":null}}}}},"AgentInfo.ToProto":{"count":39258,"self":0.194813,"total":1.1770038999999999,"children":{"GenerateSensorData":{"count":39258,"self":0.9821909,"total":0.9821909,"children":null}}}},"gauges":{"StraightWalker.CumulativeReward":{"count":42784,"max":19.0205784,"min":-1016.41693,"runningAverage":-206.9212,"value":-93.35113,"weightedAverage":-170.287567}},"metadata":{"timer_format_version":"0.1.0","start_time_seconds":"1728725967","unity_version":"2022.3.16f1","command_line_arguments":"C:\\unity\\unityProjects\\practiceMLAgents\\builds\/windows\/StraightWalker-test4\/practiceMLAgents.exe -nographics -batchmode --mlagents-port 5005 -logFile C:\\unity\\unityProjects\\practiceMLAgents\\results\\straight-walker-test4\\run_logs\\Player-0.log","communication_protocol_version":"1.5.0","com.unity.ml-agents_version":"3.0.0-exp.1","scene_name":"StraightWalker","end_time_seconds":"1728759151"}}