{"count":1,"self":11771.5099648,"total":37014.7831431,"children":{"InitializeActuators":{"count":3,"self":0.0019391999999999999,"total":0.0019391999999999999,"children":null},"InitializeSensors":{"count":3,"self":0.0005387,"total":0.0005387,"children":null},"AgentSendState":{"count":17960801,"self":29.049635199999997,"total":1364.296327,"children":{"CollectObservations":{"count":10776483,"self":1019.8075392,"total":1019.8075458999999,"children":null},"WriteActionMask":{"count":10776483,"self":3.1226697999999997,"total":3.1226697999999997,"children":null},"RequestDecision":{"count":10776483,"self":12.558728799999999,"total":312.3164763,"children":{"AgentInfo.ToProto":{"count":10776483,"self":22.499011199999998,"total":299.7577477,"children":{"GenerateSensorData":{"count":10776483,"self":277.2587264,"total":277.2587362,"children":null}}}}}}},"DecideAction":{"count":17960801,"self":22261.111193599998,"total":22261.1112798,"children":null},"AgentAct":{"count":17960801,"self":1616.1360895999999,"total":1616.1360505999999,"children":null},"AgentInfo.ToProto":{"count":55672,"self":0.1970538,"total":1.7232132999999998,"children":{"GenerateSensorData":{"count":55672,"self":1.5261595,"total":1.5261595,"children":null}}}},"gauges":{"TerrainWalker.CumulativeReward":{"count":55672,"max":1048.11365,"min":11.06159,"runningAverage":280.287964,"value":162.7509,"weightedAverage":304.376251}},"metadata":{"timer_format_version":"0.1.0","start_time_seconds":"1729082699","unity_version":"2022.3.16f1","command_line_arguments":"C:\\unity\\unityProjects\\practiceMLAgents\\builds\\windows\\TerrainWalker-ktest1\\practiceMLAgents.exe -nographics -batchmode --mlagents-port 5005 -logFile C:\\unity\\unityProjects\\practiceMLAgents\\results\\terrain-walker-test3\\run_logs\\Player-0.log","communication_protocol_version":"1.5.0","com.unity.ml-agents_version":"3.0.0-exp.1","scene_name":"TerrainWalker","end_time_seconds":"1729119713"}}